{
  "n_rows": 100,
  "mean_fit_ms": 852.7494682767428,
  "max_fit_ms": 2812.9469139967114,
  "mean_score_ms": 0.0451971689471975,
  "max_score_ms": 0.07783999899402261,
  "adaptive_mean_length_by_ability": {
    "0.45": 3.6,
    "0.75": 5.2,
    "1.25": 9.9,
    "2.0": 7.5,
    "3.5": 9.1
  },
  "random_mean_length_by_ability": {
    "0.45": 11.7,
    "0.75": 9.6,
    "1.25": 11.6,
    "2.0": 12.8,
    "3.5": 8.1
  }
}
