{
  "n_rows": 100,
  "mean_fit_ms": 848.794466923282,
  "max_fit_ms": 2716.8074079963844,
  "mean_score_ms": 0.04484825098188594,
  "max_score_ms": 0.09906699415296316,
  "adaptive_mean_length_by_ability": {
    "0.45": 3.0,
    "0.75": 4.7,
    "1.25": 10.1,
    "2.0": 6.7,
    "3.5": 9.8
  },
  "random_mean_length_by_ability": {
    "0.45": 11.7,
    "0.75": 9.6,
    "1.25": 11.6,
    "2.0": 12.8,
    "3.5": 8.1
  }
}
