{
  "n_rows": 600,
  "n_adaptive_participants": 30,
  "n_nonadaptive_participants": 30,
  "mean_fit_ms": 754.2718693887582,
  "max_fit_ms": 2938.884050003253,
  "mean_score_ms": 0.01797927834559232,
  "max_score_ms": 0.06517599103972316,
  "adaptive_mean_length_by_ability": {
    "0.269517570634829": 3.3,
    "0.32149435265188675": 3.4,
    "0.3735647566914368": 4.6,
    "0.6257963466440815": 5.1,
    "0.6814216157545272": 5.7,
    "0.7820478399136279": 7.2,
    "0.8180282148572611": 6.7,
    "0.9028533130333944": 9.4,
    "0.9823403161312908": 5.9,
    "0.9916158020916062": 6.6,
    "0.9925659478822474": 6.4,
    "1.0165292980300913": 6.4,
    "1.026736001868216": 7.8,
    "1.1403289826366294": 4.3,
    "1.1658310867572377": 5.1,
    "1.1756695515091944": 7.2,
    "1.3656024745200406": 7.8,
    "1.3908519577948186": 7.3,
    "1.4499176988108018": 9.4,
    "1.5194810799628462": 8.0,
    "1.6080018637548779": 9.8,
    "1.634301812337708": 6.8,
    "1.7518127082365749": 7.6,
    "1.7701670928633153": 6.0,
    "1.8220801658084986": 7.9,
    "2.314180644573856": 11.9,
    "2.504446732560944": 10.9,
    "2.723182157988675": 10.5,
    "2.830124540176865": 9.9,
    "2.9896785941111386": 9.4
  },
  "random_mean_length_by_ability": {
    "0.269517570634829": 8.4,
    "0.32149435265188675": 11.2,
    "0.3735647566914368": 11.5,
    "0.6257963466440815": 9.6,
    "0.6814216157545272": 11.5,
    "0.7820478399136279": 11.3,
    "0.8180282148572611": 9.1,
    "0.9028533130333944": 9.4,
    "0.9823403161312908": 10.8,
    "0.9916158020916062": 8.0,
    "0.9925659478822474": 9.5,
    "1.0165292980300913": 10.5,
    "1.026736001868216": 10.4,
    "1.1403289826366294": 8.1,
    "1.1658310867572377": 11.4,
    "1.1756695515091944": 13.8,
    "1.3656024745200406": 11.0,
    "1.3908519577948186": 11.2,
    "1.4499176988108018": 11.3,
    "1.5194810799628462": 11.6,
    "1.6080018637548779": 10.1,
    "1.634301812337708": 10.5,
    "1.7518127082365749": 11.7,
    "1.7701670928633153": 12.4,
    "1.8220801658084986": 8.6,
    "2.314180644573856": 14.9,
    "2.504446732560944": 10.2,
    "2.723182157988675": 9.8,
    "2.830124540176865": 13.2,
    "2.9896785941111386": 10.7
  },
  "hmc_mean_absolute_error": {
    "false": 1.6519,
    "true": 2.5594
  },
  "hmc_rmse": {
    "false": 1.8983,
    "true": 2.6125
  }
}
