condition,accuracy,mean_rt_s,n
different,0.9333333333333333,1.0672222222222223,15
identical,1.0,0.8000000000000002,6
