task,n,mean_rt_s,median_rt_s,p90_rt_s
identification,36,1.8250000000000002,1.8250000000000002,2.1
same_different,21,0.9908730158730159,1.0,1.261111111111111
similarity,21,1.229047619047619,1.24,1.5533333333333332
