{
  "circle": {
    "successive_generation_jsd": [
      0.12233,
      0.09495,
      0.0876,
      0.06617,
      0.05151,
      0.03151,
      0.03474,
      0.05313,
      0.05045,
      0.05478
    ],
    "final_generation_n": 24
  },
  "triangle": {
    "successive_generation_jsd": [
      0.16763,
      0.10582,
      0.08263,
      0.06444,
      0.05887,
      0.05919,
      0.06679,
      0.04283,
      0.06066,
      0.03857
    ],
    "final_generation_n": 24
  },
  "square": {
    "successive_generation_jsd": [
      0.15019,
      0.15778,
      0.0889,
      0.06727,
      0.10485,
      0.0897,
      0.03855,
      0.05553,
      0.0442,
      0.04227
    ],
    "final_generation_n": 24
  },
  "vertical_oval": {
    "successive_generation_jsd": [
      0.1108,
      0.11159,
      0.09698,
      0.09557,
      0.04085,
      0.04992,
      0.04503,
      0.06157,
      0.04771,
      0.06313
    ],
    "final_generation_n": 24
  },
  "horizontal_oval": {
    "successive_generation_jsd": [
      0.12642,
      0.08149,
      0.05784,
      0.06645,
      0.05857,
      0.03716,
      0.05034,
      0.05112,
      0.06659,
      0.05577
    ],
    "final_generation_n": 24
  },
  "pentagon": {
    "successive_generation_jsd": [
      0.09425,
      0.12305,
      0.07975,
      0.04174,
      0.05841,
      0.06302,
      0.05015,
      0.10842,
      0.0594,
      0.08376
    ],
    "final_generation_n": 24
  }
}
