block,count,mean,std,min,10%,50%,90%,max
identification,12.0,3.36,0.1442220510185597,3.1399999999999997,3.1839999999999997,3.36,3.536,3.58
same_different,15.0,1.31,0.1341640786499874,1.1,1.1420000000000001,1.31,1.4780000000000002,1.52
similarity,21.0,1.9,0.12409673645990862,1.7,1.74,1.9,2.06,2.1
